{
  "Version_A_player_1": {
    "score": -7.282959811646494
  },
  "Version_A_player_2": {
    "score": 17.83598609746047
  },
  "Version_A_player_0": {
    "score": 29.51853904373805
  },
  "Version_B_player_1": {
    "score": 30.401233900135672
  },
  "Version_B_player_2": {
    "score": 16.484699991830276
  },
  "Version_B_player_0": {
    "score": 19.958008937877473
  },
  "Version_C_player_1": {
    "score": 33.97869875657857
  },
  "Version_C_player_0": {
    "score": 13.728030231344622
  },
  "Version_C_player_2": {
    "score": -1.5600331739540003
  },
  "Version_D_player_1": {
    "score": -0.5090310929963167
  },
  "Version_D_player_2": {
    "score": 21.04984237729463
  },
  "Version_D_player_0": {
    "score": 35.40885186384771
  },
  "Version_E_player_1": {
    "score": -7.673733700644246
  },
  "Version_E_player_2": {
    "score": 6.35046376266259
  },
  "Version_E_player_0": {
    "score": 22.68029263139057
  }
}