{
  "Version_A_player_1": {
    "score": -2.4151237220913364
  },
  "Version_A_player_2": {
    "score": 17.140422225156186
  },
  "Version_A_player_0": {
    "score": 25.964512295397387
  },
  "Version_B_player_1": {
    "score": 29.387038623771296
  },
  "Version_B_player_2": {
    "score": 14.885580508874632
  },
  "Version_B_player_0": {
    "score": 15.582663773565686
  },
  "Version_C_player_1": {
    "score": 31.81317156758879
  },
  "Version_C_player_0": {
    "score": 12.60139991099818
  },
  "Version_C_player_2": {
    "score": 1.2529131457814895
  },
  "Version_D_player_1": {
    "score": 2.976051963827482
  },
  "Version_D_player_2": {
    "score": 22.808552506442744
  },
  "Version_D_player_0": {
    "score": 31.98227850721337
  },
  "Version_E_player_1": {
    "score": 17.91610767576948
  },
  "Version_E_player_2": {
    "score": 5.951069155513753
  },
  "Version_E_player_0": {
    "score": 12.12701320435714
  }
}